title	score	permalink	url	domain	created	created_utc	ups	num_comments
"Mexican senate approves resolution calling for the government to suspend joint efforts on migration and security until Trump exhibits ""civility and respect""."	83341	/r/worldnews/comments/8a2bvz/mexican_senate_approves_resolution_calling_for/	http://thehill.com/policy/international/381729-mexican-senators-call-on-pena-nieto-to-halt-cooperation-with-us-after	thehill.com	1522982562.0	1522953762.0	83341	7614
Facebook admits Zuckerberg wiped his old messages—which you can’t do	77721	/r/worldnews/comments/8ab1ha/facebook_admits_zuckerberg_wiped_his_old/	https://arstechnica.com/tech-policy/2018/04/facebook-admits-zuckerberg-wiped-his-old-messages-which-you-cant-do/	arstechnica.com	1523061691.0	1523032891.0	77721	4956
Facebook now says up to 87 million users may have had their data leaked to Cambridge Analytica.	59686	/r/worldnews/comments/89scb4/facebook_now_says_up_to_87_million_users_may_have/	http://www.businessinsider.com/facebook-most-profiles-could-be-scraped-87-million-affected-cambridge-analytica-2018-4	businessinsider.com	1522896695.0	1522867895.0	59686	2734
Facebook Donated to 46 of 55 Members on Committee that Will Question Zuckerberg	58537	/r/worldnews/comments/8aj0gw/facebook_donated_to_46_of_55_members_on_committee/	https://www.usatoday.com/story/news/politics/2018/04/04/facebook-gave-most-contributions-house-committee-question-zuckerberg-also-got-most-contributions-fac/486313002/	usatoday.com	1523145897.0	1523117097.0	58537	1715
China announces new tariffs on 106 US products, including soy, cars, and chemicals	57156	/r/worldnews/comments/89nnsp/china_announces_new_tariffs_on_106_us_products/	https://www.cnbc.com/2018/04/04/china-new-us-tariffs-including-soy-cars-and-chemicals.html	cnbc.com	1522859053.0	1522830253.0	57156	11156
150 dead in Syria gas attack, rescuers say	52829	/r/worldnews/comments/8amk7l/150_dead_in_syria_gas_attack_rescuers_say/	http://www.bbc.co.uk/news/world-middle-east-43686157	bbc.co.uk	1523177597.0	1523148797.0	52829	8284
Richest 1% on target to own two-thirds of all wealth by 2030: World leaders urged to act as anger over inequality reaches a ‘tipping point’	49544	/r/worldnews/comments/8ahyd4/richest_1_on_target_to_own_twothirds_of_all/	https://www.theguardian.com/business/2018/apr/07/global-inequality-tipping-point-2030	theguardian.com	1523135604.0	1523106804.0	49544	7739
Shell predicted dangers of climate change in 1980s and knew fossil fuel industry was responsible: Authors of confidential documents envisage changes to sea level and weather ‘larger than any that have occurred over the past 12,000 years’.	48791	/r/worldnews/comments/8ax9bd/shell_predicted_dangers_of_climate_change_in/	https://www.independent.co.uk/news/business/news/shell-predicted-climate-change-fossil-fuel-industry-1980s-global-warming-oil-a8294636.html	independent.co.uk	1523296387.0	1523267587.0	48791	2289
The number of plastic bags found on the seabed has plummeted, suggesting efforts to combat plastic pollution are working: Experts say success of strategy needs to be replicated with other plastic items such as coffee cups and bottles.	46834	/r/worldnews/comments/89vau9/the_number_of_plastic_bags_found_on_the_seabed/	https://www.independent.co.uk/environment/plastic-bag-uk-seas-seabed-waste-pollution-ocean-reduce-environment-a8288526.html	independent.co.uk	1522918087.0	1522889287.0	46834	1152
Facebook Blames a 'Bug' for Not Deleting Your Seemingly Deleted Videos	44292	/r/worldnews/comments/89ewik/facebook_blames_a_bug_for_not_deleting_your/	https://gizmodo.com/facebook-blames-a-bug-for-not-deleting-your-seemingly-d-1824257625	gizmodo.com	1522797832.0	1522769032.0	44292	1479
Marital Rape Not A Crime, Indian Court Says, Drops Charges Against Accused	36618	/r/worldnews/comments/89ci8x/marital_rape_not_a_crime_indian_court_says_drops/	http://www.ibtimes.com/marital-rape-not-crime-indian-court-says-drops-charges-against-accused-2668445	ibtimes.com	1522782019.0	1522753219.0	36618	2378
Citing 'Don't Be Evil' Motto, 3,000+ Google Employees Demand Company End Work on Pentagon Drone Project	35521	/r/worldnews/comments/89ydzu/citing_dont_be_evil_motto_3000_google_employees/	https://www.commondreams.org/news/2018/04/04/citing-dont-be-evil-motto-3000-google-employees-demand-company-end-work-pentagon	commondreams.org	1522950705.0	1522921905.0	35521	3011
"UK foreign secretary Boris Johnson involved in £160,000 ""gift"" of Russian money to Conservative party"	34057	/r/worldnews/comments/8ap6pq/uk_foreign_secretary_boris_johnson_involved_in/	https://descrier.co.uk/politics/boris-johnson-involved-in-160000-gift-of-russian-money-to-conservative-party/	descrier.co.uk	1523212587.0	1523183787.0	34057	1297
Journalist who infiltrated Putin’s troll factory warns of Russian propaganda in the upcoming Swedish election	33345	/r/worldnews/comments/8appwx/journalist_who_infiltrated_putins_troll_factory/	https://nordic.businessinsider.com/journalist-who-infiltrated-putins-troll-factory-warns-of-russian-propaganda-in-the-upcoming-swedish-election---we-were-forced-to-create-fake-facts-and-news--/	nordic.businessinsider.com	1523220442.0	1523191642.0	33345	2251
Mark Zuckerberg refuses to step down or fire staff over Facebook 'mistakes'	33271	/r/worldnews/comments/89yv97/mark_zuckerberg_refuses_to_step_down_or_fire/	https://www.theguardian.com/technology/2018/apr/05/facebook-mark-zuckerberg-refuses-to-step-down-or-fire-staff-over-mistakes	theguardian.com	1522956288.0	1522927488.0	33271	2699
'We know where your kids live': Trump's new national security adviser reportedly made an implicit threat against the family of a retired Brazilian diplomat in 2002	32031	/r/worldnews/comments/8ayhic/we_know_where_your_kids_live_trumps_new_national/	http://www.businessinsider.com/john-bolton-threatened-family-of-brazilian-diplomat-iraq-war-2002-2018-3	businessinsider.com	1523310097.0	1523281297.0	32031	1354
North Korea ready to discuss denuclearization with US: report	31602	/r/worldnews/comments/8asfw1/north_korea_ready_to_discuss_denuclearization/	http://thehill.com/homenews/administration/382191-north-korea-ready-to-discuss-denuclearization-with-us-report	thehill.com	1523245470.0	1523216670.0	31602	2689
Former Korean president Park Geun-hye gets 24 years in prison	30842	/r/worldnews/comments/8a7gvk/former_korean_president_park_geunhye_gets_24/	http://english.yonhapnews.co.kr/news/2018/04/06/0200000000AEN20180406006900315.html	english.yonhapnews.co.kr	1523026706.0	1522997906.0	30842	1756
Mexico formally asks US to clarify Trump's border remarks	28697	/r/worldnews/comments/89ievh/mexico_formally_asks_us_to_clarify_trumps_border/	http://thehill.com/policy/international/381475-mexico-formally-asks-us-to-clarify-trumps-border-remarks	thehill.com	1522817223.0	1522788423.0	28697	3723
Alberta government introduced legislation to keep protesters at least 50 metres away from abortion clinics and make it illegal for demonstrators to video or take pictures of people entering or leaving building. Intimidation of patients at province’s clinics is on rise, Health Minister Hoffman said.	28018	/r/worldnews/comments/8a42f8/alberta_government_introduced_legislation_to_keep/	https://www.thestar.com/news/canada/2018/04/05/alberta-to-introduce-bill-for-no-go-zones-around-abortion-clinics.html	thestar.com	1522995020.0	1522966220.0	28018	2864
Mueller has obtained evidence that calls into question Congressional testimony given by Trump supporter and Blackwater founder Erik Prince last year, when he described a meeting in Seychelles with a Russian financier close to Vladimir Putin as a casual chance encounter “over a beer”	25432	/r/worldnews/comments/8agoth/mueller_has_obtained_evidence_that_calls_into/	https://www.yahoo.com/gma/mueller-evidence-raising-questions-prince-testimony-meeting-russian-112404218--abc-news-topstories.html	yahoo.com	1523116683.0	1523087883.0	25432	2182
The Colombian government has been ordered to take urgent action to protect the Amazon rainforest by its own supreme court. In a historic ruling, the country's most senior judges said the state had not done enough to tackle the destruction of the environment.	24364	/r/worldnews/comments/8adrix/the_colombian_government_has_been_ordered_to_take/	https://www.independent.co.uk/news/world/americas/amazon-rainforest-colombia-protect-deforestation-environment-logging-supreme-court-legal-rights-a8292671.html	independent.co.uk	1523083196.0	1523054396.0	24364	557
Mexican president to Trump: Direct your frustrations at Congress, not Mexicans	22098	/r/worldnews/comments/8a55yl/mexican_president_to_trump_direct_your/	http://thehill.com/latino/381880-mexican-president-to-trump-direct-your-frustrations-at-congress-not-mexicans	thehill.com	1523003885.0	1522975085.0	22098	2354
Britain believes it has found Russian lab that made nerve agent used in Salisbury attack	21286	/r/worldnews/comments/89xd5x/britain_believes_it_has_found_russian_lab_that/	https://www.cbsnews.com/news/sergei-skripal-poisoning-britain-believes-it-has-found-russian-lab-that-made-nerve-agent-salisbury/	cbsnews.com	1522937532.0	1522908732.0	21286	3238
The US was the only UN Security Council member to reject a call by the 14 other countries to independently probe the Gaza clashes, in which dozens of Palestinian protesters were killed by Israeli forces.	19913	/r/worldnews/comments/8ah8ys/the_us_was_the_only_un_security_council_member_to/	https://www.rt.com/news/423468-us-block-un-gaza/	rt.com	1523125926.0	1523097126.0	19913	2859
Sperm whale washed up on Spanish coast was killed by plastic pollution - A sperm whale found dead on the coast of Murcia in southern Spain was killed by gastric shock caused by ingesting 29 kilos (64 lb) of plastic waste, authorities in the region said on Friday.	15787	/r/worldnews/comments/8ahaaq/sperm_whale_washed_up_on_spanish_coast_was_killed/	https://www.telegraph.co.uk/news/2018/04/06/sperm-whale-killed-plastic-pollution-washes-spanish-coast/	telegraph.co.uk	1523126520.0	1523097720.0	15787	579
Not 50 Million, Not 87 Million... Facebook Admits Data From 'Most' of Its 2 Billion Users Compromised by 'Malicious Actors': Buried in a company announcement was acknowledgement that nearly all of its users have been targeted to some degree	14704	/r/worldnews/comments/8a2bxv/not_50_million_not_87_million_facebook_admits/	https://www.commondreams.org/news/2018/04/05/not-50-million-not-87-million-facebook-admits-data-most-its-2-billion-users	commondreams.org	1522982573.0	1522953773.0	14704	593
Facebook suspends another data analytics firm after CNBC discovers tactics like Cambridge Analytica	14234	/r/worldnews/comments/8aslnr/facebook_suspends_another_data_analytics_firm/	https://www.cnbc.com/2018/04/08/cubeyou-cambridge-like-app-collected-data-on-millions-from-facebook.html	cnbc.com	1523246738.0	1523217938.0	14234	478
50 Richest Russians Lose Close to $12Bln After Latest U.S. Sanctions	12515	/r/worldnews/comments/8az2bp/50_richest_russians_lose_close_to_12bln_after/	https://themoscowtimes.com/news/50-richest-russians-lost-close-12-bln-after-latest-us-sanctions-61097	themoscowtimes.com	1523314882.0	1523286082.0	12515	750
Zuckerberg will testify before congress on April 11	10724	/r/worldnews/comments/89p9yd/zuckerberg_will_testify_before_congress_on_april/	https://techcrunch.com/2018/04/04/zuckerberg-will-testify-before-congress-on-april-11/	techcrunch.com	1522875972.0	1522847172.0	10724	739
New Zealand passes law to clear historical gay sex convictions: The law will allow hundreds of men to have convictions for homosexual offences erased from their criminal records. Family members can also apply on behalf of a deceased relative to clear their criminal record	10576	/r/worldnews/comments/89r98n/new_zealand_passes_law_to_clear_historical_gay/	http://www.dw.com/en/new-zealand-passes-law-to-clear-historical-gay-sex-convictions/a-43244089	dw.com	1522889706.0	1522860906.0	10576	268
Air strikes hit a Syrian military airport with loud explosions heard, Syrian state media report	10120	/r/worldnews/comments/8auv6f/air_strikes_hit_a_syrian_military_airport_with/	https://www.bbc.co.uk/news/world-middle-east-43694588?__twitter_impression=true	bbc.co.uk	1523267037.0	1523238237.0	10120	1390
"China says American ""anxiety disorder"" is fueling tariffs -- “Some people in the United States are still accustomed to being the world leader, and haven’t adapted to the change in the global situation."""	10015	/r/worldnews/comments/8ay5ax/china_says_american_anxiety_disorder_is_fueling/	https://www.axios.com/china-us-anxiety-ccp-trump-peter-navarro-trade-war-12159284-9b21-4656-b1db-ef5a44c30e29.html?utm_source=sidebar	axios.com	1523306886.0	1523278086.0	10015	2518
Trump says only 'stupid people don't want to get on better with Russia'	9391	/r/worldnews/comments/89gjri/trump_says_only_stupid_people_dont_want_to_get_on/	https://www.independent.co.uk/news/world/americas/us-politics/donald-trump-russia-stupid-people-vladimir-putin-us-baltic-leaders-white-house-a8287126.html	independent.co.uk	1522807066.0	1522778266.0	9391	2230
French chefs could be forced to present diners with 'doggy bags' - France could force all restaurants to provide doggy bags in an attempt to cut down on waste and overcome traditional Gallic resistance to taking food home after eating out. The overall aim is to halve food waste by 2025.	8812	/r/worldnews/comments/8aq8zj/french_chefs_could_be_forced_to_present_diners/	https://www.telegraph.co.uk/news/2018/04/05/french-chefs-could-forced-present-diners-doggy-bags/	telegraph.co.uk	1523226536.0	1523197736.0	8812	999
President Donald Trump threatens to slap new tariffs on $50 billion in imported chinese goods ranging from bakery ovens to ball bearings.	7880	/r/worldnews/comments/89j13k/president_donald_trump_threatens_to_slap_new/	https://www.politico.com/story/2018/04/03/trump-china-tariffs-technology-454222	politico.com	1522820799.0	1522791999.0	7880	2075
Facebook says there were more Russian accounts than previously acknowledged	7468	/r/worldnews/comments/89jty2/facebook_says_there_were_more_russian_accounts/	https://www.washingtonpost.com/business/economy/facebook-says-there-were-more-russian-accounts-than-previously-acknowledged/2018/04/03/f26462f5-5715-4769-b887-29f80817f236_story.html?utm_term=.dbcf0dd5d70a	washingtonpost.com	1522826413.0	1522797613.0	7468	443
"Shell Knew, Too: New Docs Show Oil Giant's Scientists Secretly Warned About Climate Threat Decades Ago: ""These reports reaffirm that fossil fuel companies have been - and always will be - bad actors,"" said 350.org's executive director"	7436	/r/worldnews/comments/8a1lth/shell_knew_too_new_docs_show_oil_giants/	https://www.commondreams.org/news/2018/04/05/shell-knew-too-new-docs-show-oil-giants-scientists-secretly-warned-about-climate	commondreams.org	1522977576.0	1522948776.0	7436	352
BP claims an oil spill off Australia's coast would be a 'welcome boost' to local economies	7260	/r/worldnews/comments/8a7v1l/bp_claims_an_oil_spill_off_australias_coast_would/	https://www.smh.com.au/politics/federal/bp-claims-an-oil-spill-off-australia-s-coast-would-be-a-welcome-boost-to-local-economies-20180406-p4z867.html	smh.com.au	1523031949.0	1523003149.0	7260	493
Israel’s airports authority has refused to display adverts informing female passengers that it is illegal for airline staff to ask them to move seats at the behest of ultra-Orthodox Jewish men	7164	/r/worldnews/comments/89pmrj/israels_airports_authority_has_refused_to_display/	https://www.theguardian.com/world/2018/apr/04/israeli-airport-blocks-ads-urging-women-to-refuse-to-give-up-seats	theguardian.com	1522878740.0	1522849940.0	7164	1042
Mueller looking into $150K payment Ukrainian magnate gave to Trump's charity	11925	/r/worldnews/comments/8b3idf/mueller_looking_into_150k_payment_ukrainian/	http://thehill.com/homenews/administration/382397-mueller-looking-into-150k-payment-ukrainian-magnate-gave-to-trumps	thehill.com	1523349587.0	1523320787.0	11925	1229
Canada hockey team bus crash kills 14	7075	/r/worldnews/comments/8agupc/canada_hockey_team_bus_crash_kills_14/	http://www.bbc.com/news/world-us-canada-43679808	bbc.com	1523119441.0	1523090641.0	7075	510
Saudi crown prince brags Jared Kushner handed him U.S. intelligence	6898	/r/worldnews/comments/8a2hvt/saudi_crown_prince_brags_jared_kushner_handed_him/	http://www.dailymail.co.uk/news/article-5575395/Saudi-crown-prince-brags-Jared-Kushner-handed-U-S-intelligence.html	dailymail.co.uk	1522983721.0	1522954921.0	6898	465
Three Japanese whaling vessels have returned to port from a controversial trip to Antarctica after catching 333 whales. Tokyo claims the slaughter is for scientific purposes.	6874	/r/worldnews/comments/89ekrb/three_japanese_whaling_vessels_have_returned_to/	http://www.dw.com/en/japanese-whalers-return-from-antarctica-with-huge-catch/a-43206201	dw.com	1522795959.0	1522767159.0	6874	1054
Protestors could be banned from a London abortion clinic, in a historic council vote - Protests could be banned outside an abortion clinic for the first time in a bid to stop women and staff from being harassed and intimidated.	6933	/r/worldnews/comments/8ayzdc/protestors_could_be_banned_from_a_london_abortion/	https://www.telegraph.co.uk/politics/2018/04/09/protestors-could-banned-london-abortion-clinic-historic-council/	telegraph.co.uk	1523314210.0	1523285410.0	6933	1072
Russia’s Antifa is being tortured and detained by Putin’s shadowy security service: “Torture is used to force an individual to incriminate himself and provide evidence about others.”	6509	/r/worldnews/comments/8aeqep/russias_antifa_is_being_tortured_and_detained_by/	http://www.newsweek.com/russias-antifa-being-tortured-and-detained-putins-shadowy-security-service-874087	newsweek.com	1523092622.0	1523063822.0	6509	2083
Israeli sniper shoots Palestinian footballer who was filming himself, ending his career	6015	/r/worldnews/comments/8a1qzr/israeli_sniper_shoots_palestinian_footballer_who/	https://www.independent.co.uk/news/world/middle-east/israel-palestinian-footballer-shoot-video-sniper-protest-gaza-idf-a8288496.html	independent.co.uk	1522978587.0	1522949787.0	6015	2259
Young Britons have never been unhappier, research suggests - Young people’s happiness across every single area of their lives has never been lower, research by the Prince’s Trust has found.	5757	/r/worldnews/comments/8a8p4d/young_britons_have_never_been_unhappier_research/	https://www.theguardian.com/society/2018/apr/05/young-people-have-never-been-unhappier-research-suggests	theguardian.com	1523042511.0	1523013711.0	5757	1313
Paul Manafort moves to suppress potentially explosive evidence against him in the Russia investigation	5293	/r/worldnews/comments/8aqh3e/paul_manafort_moves_to_suppress_potentially/	http://www.businessinsider.com/paul-manafort-motion-to-suppress-evidence-mueller-russia-investigation-2018-4/?r=US&IR=T	businessinsider.com	1523228678.0	1523199878.0	5293	418
"Japan: Women who rushed to perform first aid on a man who collapsed in a sumo ring in Japan were ordered by a referee to leave the ring, because females are banned from the space and women, traditionally seen as ""impure"", are forbidden from entering"	5220	/r/worldnews/comments/89znak/japan_women_who_rushed_to_perform_first_aid_on_a/	http://www.bbc.com/news/world-asia-43652428	bbc.com	1522963382.0	1522934582.0	5220	913
Exclusive new footage of an internal Mobil Oil meeting with employees shows then chief executive, Lucio Noto, discussing the impact of Mobil’s product on climate change a full two decades ago	5052	/r/worldnews/comments/89f01e/exclusive_new_footage_of_an_internal_mobil_oil/	https://thinkprogress.org/video-mobil-oil-executive-admitting-climate-connection-270b468a2c44/	thinkprogress.org	1522798355.0	1522769555.0	5052	278
Carnage as airstrike hits boy's school in Taliban territory, killing at least 59. Many children.	4953	/r/worldnews/comments/89i790/carnage_as_airstrike_hits_boys_school_in_taliban/	https://www.cbsnews.com/news/afghanistan-airstrike-kunduz-dashte-archi-district-kabul-says-taliban-hit/	cbsnews.com	1522816088.0	1522787288.0	4953	1008
Killer robot concerns lead to boycott of top South Korean university: More than 50 top Artificial Intelligence researchers on Wednesday announced a boycott of South Korea's top university, after it opened what they called an AI weapons lab with one of South Korea's largest companies.	4838	/r/worldnews/comments/89yai1/killer_robot_concerns_lead_to_boycott_of_top/	http://www.abc.net.au/news/2018-04-05/south-korean-university-denies-killer-robots/9623874	abc.net.au	1522949456.0	1522920656.0	4838	487
WHO: Universal Health Coverage Saves People from Financial Ruin	4457	/r/worldnews/comments/8ah7tw/who_universal_health_coverage_saves_people_from/	https://www.voanews.com/a/who-universal-health-coverage/4336668.html	voanews.com	1523125433.0	1523096633.0	4457	598
White House: British football fans should 'think twice' before going to Russia World Cup.	3890	/r/worldnews/comments/8at32v/white_house_british_football_fans_should_think/	https://www.telegraph.co.uk/news/2018/04/08/white-house-british-football-fans-should-think-twice-going-russia/	telegraph.co.uk	1523250736.0	1523221936.0	3890	720
Two Australian Taxation Office whistleblowers have told a joint Four Corners and Fairfax investigation about a toxic internal culture where vulnerable small businesses and individuals are deliberately targeted to help meet revenue goals.	3712	/r/worldnews/comments/8ax6bd/two_australian_taxation_office_whistleblowers/	http://www.abc.net.au/news/2018-04-09/whistleblower-exposes-ato-cash-grab-targeting-small-businesses/9633140	abc.net.au	1523295117.0	1523266317.0	3712	282
Journalist shot in abdomen by Israeli sniper on Gaza border while covering Gaza protests.	3689	/r/worldnews/comments/8ab52d/journalist_shot_in_abdomen_by_israeli_sniper_on/	https://www.middleeastmonitor.com/20180406-journalist-shot-in-abdomen-by-israel-sniper-on-gaza-border/	middleeastmonitor.com	1523062439.0	1523033639.0	3689	1265
Paris to turn a third of its green space into urban farms	3642	/r/worldnews/comments/8agklc/paris_to_turn_a_third_of_its_green_space_into/	https://edition.cnn.com/style/article/urban-farms-in-paris/index.html	edition.cnn.com	1523114819.0	1523086019.0	3642	138
Pro-Kremlin officials have cancelled mayoral elections in Russia's fourth-largest city Yekaterinburg, where the country's only independent mayor, a critic of Vladimir Putin, would have been up for re-election in September.	3637	/r/worldnews/comments/89oai1/prokremlin_officials_have_cancelled_mayoral/	https://www.telegraph.co.uk/news/2018/04/03/pro-kemlin-officials-cancel-mayoral-elections-russias-fourth/	telegraph.co.uk	1522866570.0	1522837770.0	3637	572
UK firm at heart of Facebook data scandal helped Duterte win 2016 polls	3631	/r/worldnews/comments/89y2vx/uk_firm_at_heart_of_facebook_data_scandal_helped/	https://www.philstar.com/headlines/2018/04/05/1803068/report-uk-firm-heart-facebook-data-scandal-helped-duterte-win-2016-polls	philstar.com	1522946613.0	1522917813.0	3631	270
Sergei Skripal is no longer in critical condition after being poisoned with nerve agent.	3610	/r/worldnews/comments/8a96oc/sergei_skripal_is_no_longer_in_critical_condition/	http://www.businessinsider.com/sergei-skripal-no-longer-in-critical-condition-after-salisbury-poisoning-2018-4	businessinsider.com	1523047434.0	1523018634.0	3610	664
A Russian historian who has spent much of his life unearthing Soviet dictator Joseph Stalin's crimes has been acquitted of child pornography charges. The verdict is being seen as a rare victory in a country where human rights campaigners regularly face harassment and arrest by the authorities.	3598	/r/worldnews/comments/8ap4ky/a_russian_historian_who_has_spent_much_of_his/	http://www.bbc.com/news/world-europe-43671969	bbc.com	1523211590.0	1523182790.0	3598	256
Jeremy Corbyn condemns Western 'silence' over Israel’s killing of at least 27 Palestinians on the Gaza border	3382	/r/worldnews/comments/8akel5/jeremy_corbyn_condemns_western_silence_over/	https://www.independent.co.uk/news/uk/politics/jeremy-corbyn-israel-killings-palestine-gaza-border-violence-a8293881.html	independent.co.uk	1523157945.0	1523129145.0	3382	1074
Russia says it has no oligarchs; calls them “responsible businessmen”	3352	/r/worldnews/comments/8a0rrl/russia_says_it_has_no_oligarchs_calls_them/	https://themoscowtimes.com/news/there-are-no-oligarchs-in-russia-kremlin-claims-amid-reports-new-us-sanctions-61062	themoscowtimes.com	1522971752.0	1522942952.0	3352	382
Trump Orders Consideration of $100 Billion in New China Tariffs	3346	/r/worldnews/comments/8a4k3h/trump_orders_consideration_of_100_billion_in_new/	https://www.bloomberg.com/news/articles/2018-04-05/trump-orders-consideration-of-100-billion-in-new-china-tariffs	bloomberg.com	1522998839.0	1522970039.0	3346	1224
Six teenagers have been stabbed within 90 minutes in another night of violence on London’s streets. A 13-year-old boy was among the victims of four separate knife attacks, which took place as protesters gathered elsewhere in the capital to demand action to prevent young people dying.	3251	/r/worldnews/comments/8a5ed7/six_teenagers_have_been_stabbed_within_90_minutes/	https://www.independent.co.uk/news/uk/crime/london-stabbings-six-teenagers-attacked-violence-knife-crime-david-lammy-sadiq-khan-israel-ogunsola-a8291181.html	independent.co.uk	1523005881.0	1522977081.0	3251	1362
Energy minnow Bahrain just found 80 billion barrels of oil, as much as Russia’s entire reserve	3165	/r/worldnews/comments/8a87qs/energy_minnow_bahrain_just_found_80_billion/	http://business.financialpost.com/commodities/energy/update-2-bahrain-says-new-discovery-contains-an-estimated-80-bln-barrels-of-tight-oil	business.financialpost.com	1523036752.0	1523007952.0	3165	664
Lawsuit against fertility doctor accused of using own sperm expands to 150 people ‘adversely affected’	3130	/r/worldnews/comments/8avjgz/lawsuit_against_fertility_doctor_accused_of_using/	http://ottawacitizen.com/news/local-news/lawsuit-against-fertility-doctor-accused-of-using-own-sperm-expands-to-150-people-adversely-affected	ottawacitizen.com	1523273961.0	1523245161.0	3130	347
The value of property owned by 30-year-olds falls below £10,000 for the first time while baby boomers get richer - People in their early sixties now own 17 times more in property assets than those in their early thirties, a report by the UK Office For National Statistics (ONS) has revealed.	2973	/r/worldnews/comments/8ah7iz/the_value_of_property_owned_by_30yearolds_falls/	https://www.telegraph.co.uk/politics/2018/04/05/value-property-owned-30-year-olds-falls-10000-first-time-baby/	telegraph.co.uk	1523125273.0	1523096473.0	2973	524
Israel facing questions after sniper kills Palestinian journalist wearing a vest marked 'Press'	2949	/r/worldnews/comments/8akdqm/israel_facing_questions_after_sniper_kills/	https://www.telegraph.co.uk/news/2018/04/07/israeli-sniper-kills-palestinian-journalist-wearing-vest-marked/	telegraph.co.uk	1523157741.0	1523128941.0	2949	757
Trump: 'We are not in a trade war with China,' we lost that war many years ago	2746	/r/worldnews/comments/89ones/trump_we_are_not_in_a_trade_war_with_china_we/	https://www.cnbc.com/2018/04/04/donald-trump-we-are-not-in-a-trade-war-with-china-we-lost-that-war-many-years-ago.html	cnbc.com	1522870415.0	1522841615.0	2746	995
Philippines' Duterte orders reforestation, threatens open pit mining ban	2804	/r/worldnews/comments/8b06pz/philippines_duterte_orders_reforestation/	https://www.reuters.com/article/us-philippines-mining/philippines-duterte-orders-reforestation-threatens-open-pit-mining-ban-idUSKBN1HG1EP	reuters.com	1523323281.0	1523294481.0	2804	366
China's Xi announces plans to 'open' China, including lowering tariffs for autos and other products, enforcing the intellectual property of foreign firms, and improving the investment environment for international companies	4129	/r/worldnews/comments/8b4bd8/chinas_xi_announces_plans_to_open_china_including/	https://www.cnbc.com/2018/04/09/chinese-president-xi-jinping-speaks-at-boao-forum-for-asia.html	cnbc.com	1523356971.0	1523328171.0	4129	603
Beatings, electric shock treatment and forced starvation for LGBT+ community in ‘secret' Chechnya prisons, NGO reports	2319	/r/worldnews/comments/89s7xj/beatings_electric_shock_treatment_and_forced/	https://www.independent.co.uk/news/world/europe/chechnya-gay-lgbt-secret-prisons-russia-electric-shocks-starvation-a8288911.html	independent.co.uk	1522895921.0	1522867121.0	2319	259
Ditch trade deal with Trump rather than accept chlorinated chicken, Britons say - Britons would rather cancel post-Brexit deal with US than accept lower food standards	2239	/r/worldnews/comments/8am4jt/ditch_trade_deal_with_trump_rather_than_accept/	https://www.independent.co.uk/news/uk/politics/brexit-trade-deal-theresa-may-us-uk-eu-chlorine-chicken-food-safety-standards-poll-a8292496.html	independent.co.uk	1523173402.0	1523144602.0	2239	453
Lifting sugarcane farming ban would be 'last straw' for Amazon rainforest, warn Brazilian environmentalists	2238	/r/worldnews/comments/8agjpp/lifting_sugarcane_farming_ban_would_be_last_straw/	https://www.independent.co.uk/news/world/americas/sugarcane-farming-ban-amazon-rainforest-brazil-deforestation-environmentalist-warning-a8290471.html	independent.co.uk	1523114425.0	1523085625.0	2238	59
Czechs discover hidden film record of Stalin’s antisemitic show trial - It was among the most notorious show trials of the 20th century, the prosecution and sentencing to death of Czechoslovakia’s leading communist, who had been arrested in a brutal purge ordered by Stalin.	2228	/r/worldnews/comments/8aowjg/czechs_discover_hidden_film_record_of_stalins/	https://www.theguardian.com/world/2018/apr/08/rudolf-slansky-czechoslovakia-show-trial	theguardian.com	1523207825.0	1523179025.0	2228	428
Trump slams Putin for backing Syria after suspected chemical attack, vows 'big price' to pay	2223	/r/worldnews/comments/8apxkm/trump_slams_putin_for_backing_syria_after/	https://www.cnbc.com/2018/04/08/trump-slams-putin-for-backing-syrias-assad-after-chemical-attack.html	cnbc.com	1523223033.0	1523194233.0	2223	723
"EU says Facebook data scandal affected 2.7 million Europeans, Italy to launch an investigation for ""alleged improper commercial practices"""	2200	/r/worldnews/comments/8ap9eq/eu_says_facebook_data_scandal_affected_27_million/	https://gadgets.ndtv.com/social-networking/news/facebook-data-scandal-affected-2-7-million-europeans-says-eu-1834046	gadgets.ndtv.com	1523213861.0	1523185061.0	2200	76
Activists identify 1,500 Russian servicemen spotted in Crimea and Donbas	2138	/r/worldnews/comments/89e4dw/activists_identify_1500_russian_servicemen/	https://www.ukrinform.net/rubric-defense/2434762-activists-identify-1500-russian-servicemen-spotted-in-crimea-and-donbas.html	ukrinform.net	1522793288.0	1522764488.0	2138	245
Brazilian Judge Orders Arrest of Former President Lula	2127	/r/worldnews/comments/8a3n9h/brazilian_judge_orders_arrest_of_former_president/	https://www.bloomberg.com/news/articles/2018-04-05/brazilian-judge-orders-arrest-of-former-president-lula	bloomberg.com	1522991928.0	1522963128.0	2127	370
Turkish spy agency has snatched 80 people from 18 countries	2112	/r/worldnews/comments/8at0kt/turkish_spy_agency_has_snatched_80_people_from_18/	https://www.apnews.com/4244a50c44c6434b83ef95d029f91e02/Turkish-spy-agency-has-snatched-80-people-from-18-countries	apnews.com	1523250165.0	1523221365.0	2112	305
Russia says Syria gas attack reports 'fabricated'	2102	/r/worldnews/comments/8apj53/russia_says_syria_gas_attack_reports_fabricated/	https://www.reuters.com/article/us-mideast-crisis-syria-ghouta-russia/russia-says-syria-gas-attack-reports-fabricated-idUSKBN1HF0AL	reuters.com	1523217904.0	1523189104.0	2102	868
Russian live missile tests force Latvia to close airspace over Baltic sea: 'It's hard to comprehend' - Russia has carried out missile tests in the Baltic Sea, causing Nato member Latvia to shut down part of its commercial airspace.	1960	/r/worldnews/comments/8aa19j/russian_live_missile_tests_force_latvia_to_close/	https://www.independent.co.uk/news/world/europe/russia-latvia-missile-tests-baltic-sea-airspace-donald-trump-baltic-leaders-white-house-a8289451.html	independent.co.uk	1523054398.0	1523025598.0	1960	475
Zuckerberg says Facebook won't extend all European privacy protections worldwide	1908	/r/worldnews/comments/89qjok/zuckerberg_says_facebook_wont_extend_all_european/	http://thehill.com/policy/technology/381597-zuckerberg-says-facebook-wont-extend-all-european-privacy-protections	thehill.com	1522885102.0	1522856302.0	1908	343
People in Mexico who Pass Away will Automatically Become Organ Donors	1895	/r/worldnews/comments/8anho3/people_in_mexico_who_pass_away_will_automatically/	http://www.novinite.com/articles/189267/People+in+Mexico+who+Pass+Away+will+Automatically+Become+Organ+Donors	novinite.com	1523187480.0	1523158680.0	1895	444
The US accuses Russia of trying to destabilise Afghanistan by supporting the Taliban. Senior US officials have been saying for months that Moscow is even supplying the militants with weapons.	1725	/r/worldnews/comments/89e4b2/the_us_accuses_russia_of_trying_to_destabilise/	http://www.bbc.com/news/world-asia-41842285	bbc.com	1522793274.0	1522764474.0	1725	354
Cambridge Analytica whistleblower: Data could have come from more than 87 million users, be stored in Russia	1641	/r/worldnews/comments/8arsc9/cambridge_analytica_whistleblower_data_could_have/	https://edition.cnn.com/2018/04/08/politics/cambridge-analytica-data-millions/index.html	edition.cnn.com	1523240108.0	1523211308.0	1641	135
Sugar taxes improve health of the poor, major study finds - Britain’s “sugar tax” will succeed in improving health among poorer people, the findings of a major international study suggest.	1621	/r/worldnews/comments/89ypg7/sugar_taxes_improve_health_of_the_poor_major/	https://www.telegraph.co.uk/news/2018/04/04/sugar-taxes-improve-health-poor-major-study-finds/	telegraph.co.uk	1522954556.0	1522925756.0	1621	531
"Russian Intelligence head uses George Orwell's 1984 to accuse West of hypocrisy: “War is Peace, Freedom is Slavery, Ignorance is Strength"""	1620	/r/worldnews/comments/89qqi2/russian_intelligence_head_uses_george_orwells/	http://www.newsweek.com/new-cold-war-russian-intelligence-head-uses-george-orwells-1984-accuse-west-871364	newsweek.com	1522886318.0	1522857518.0	1620	531
Fish populations in Great Barrier Reef collapse after devastating coral bleaching events	1893	/r/worldnews/comments/8b2g3k/fish_populations_in_great_barrier_reef_collapse/	https://www.independent.co.uk/environment/fish-populations-collapse-great-barrier-reef-coral-bleaching-australia-a8294751.html	independent.co.uk	1523340278.0	1523311478.0	1893	184
Israel defense minister says there are ‘no innocent people’ in Gaza	1540	/r/worldnews/comments/8apctm/israel_defense_minister_says_there_are_no/	http://www.arabnews.com/node/1280941/middle-east	arabnews.com	1523215324.0	1523186524.0	1540	659
Facebook Scans What You Send Other People on Messenger App	1535	/r/worldnews/comments/89rs8y/facebook_scans_what_you_send_other_people_on/	https://www.bloomberg.com/news/articles/2018-04-04/facebook-scans-what-you-send-to-other-people-on-messenger-app	bloomberg.com	1522893107.0	1522864307.0	1535	223
Former Cambridge Analytica employee-turned-whistleblower, Christopher Wylie, says both Congress and the special counsel Robert Mueller have asked to talk to him about C.A. and the Trump campaign	1506	/r/worldnews/comments/8asa4f/former_cambridge_analytica/	http://www.businessinsider.com/ap-ex-cambridge-analytica-employee-to-cooperate-with-doj-probe-2018-4	businessinsider.com	1523244182.0	1523215382.0	1506	56
Vladimir Putin wants apology from Britain for ‘unfounded accusations’ over the poisoning of an ex-spy	1467	/r/worldnews/comments/89kgx9/vladimir_putin_wants_apology_from_britain_for/	http://www.news.com.au/world/vladimir-putin-wants-apology-from-britain-for-unfounded-accusations-over-the-poisoning-of-an-exspy/news-story/256d387efa33e6bd577047dd4d4de8f5	news.com.au	1522830645.0	1522801845.0	1467	725
Brazil's Lula surrenders to police	1450	/r/worldnews/comments/8algyp/brazils_lula_surrenders_to_police/	http://www.bbc.com/news/world-latin-america-43686174	bbc.com	1523167264.0	1523138464.0	1450	398
"British supermarket group Tesco launched scheme in Malaysia based on bags with barcodes, giving customers discounts on their shopping every time they reuse bags - ""unforgettable bag"" launched in Kuala Lumpur in effort to shift away from single-use plastic bags and reduce waste."	1432	/r/worldnews/comments/89o8oo/british_supermarket_group_tesco_launched_scheme/	http://news.trust.org/item/20180403095636-ykuzw/	news.trust.org	1522865971.0	1522837171.0	1432	83
Facebook's secret tool to delete executive messages caps days of chaos	1396	/r/worldnews/comments/8au754/facebooks_secret_tool_to_delete_executive/	https://www.theguardian.com/technology/2018/apr/06/facebook-using-secret-tool-to-delete-messages-from-executives	theguardian.com	1523260653.0	1523231853.0	1396	81
Facebook to contact 87 million users affected by data breach	1346	/r/worldnews/comments/8atv14/facebook_to_contact_87_million_users_affected_by/	https://www.theguardian.com/technology/2018/apr/08/facebook-to-contact-the-87-million-users-affected-by-data-breach?	theguardian.com	1523257489.0	1523228689.0	1346	157
